step,success_rate,avg_reward
80000,1.0,202.72727272727272
160000,1.0,202.72727272727272
240000,1.0,202.72727272727272
320000,1.0,202.72727272727272
400000,1.0,202.72727272727272
480000,1.0,202.72727272727272
