step,success_rate,avg_reward
80000,0.0,0.45454545454545414
160000,0.0,0.45454545454545414
240000,0.0,0.45454545454545414
320000,0.0,0.45454545454545414
400000,0.0,0.45454545454545414
480000,0.0,0.45454545454545414
