step,success_rate,avg_reward,illegal_actions,illegal_action_rate,combine_rate,connect_rate,set_state_rate,stop_rate
80000,0.0,-17.32911392405063,0,0.0,0.16666666666666666,0.6666666666666666,0.0,0.16666666666666666
160000,0.0,-17.153846153846157,0,0.0,0.16666666666666666,0.6666666666666666,0.0,0.16666666666666666
240000,0.0,-16.254237288135588,0,0.0,0.16666666666666666,0.6666666666666666,0.0,0.16666666666666666
320000,0.0,-16.593220338983055,0,0.0,0.16666666666666666,0.6666666666666666,0.0,0.16666666666666666
400000,0.0,-16.593220338983055,0,0.0,0.16666666666666666,0.6666666666666666,0.0,0.16666666666666666
480000,0.0,-16.593220338983055,0,0.0,0.16666666666666666,0.6666666666666666,0.0,0.16666666666666666
