step,success_rate,avg_reward,illegal_actions,illegal_action_rate,combine_rate,connect_rate,set_state_rate,stop_rate
80000,1.0,205.43804691290728,349,0.0349,0.25,0.5,0.0,0.25
160000,1.0,205.43804691290728,1373,0.1373,0.25,0.5,0.0,0.25
240000,1.0,205.43804691290728,3586,0.3586,0.25,0.5,0.0,0.25
320000,0.0,-44.95752895752896,6680,0.668,0.3333333333333333,0.6666666666666666,0.0,0.0
400000,1.0,206.12121212121207,8643,0.8643,0.25,0.5,0.0,0.25
480000,1.0,206.12121212121207,9142,0.9142,0.25,0.5,0.0,0.25
