step,success_rate,avg_reward,illegal_actions,illegal_action_rate,combine_rate,connect_rate,set_state_rate,stop_rate
80000,1.0,207.2911392405063,311,0.0311,0.25,0.5,0.0,0.25
160000,1.0,207.0379746835443,319,0.0319,0.25,0.5,0.0,0.25
240000,1.0,207.8983050847458,330,0.033,0.25,0.5,0.0,0.25
320000,1.0,207.38983050847452,386,0.0386,0.25,0.5,0.0,0.25
400000,1.0,207.2911392405063,474,0.0474,0.25,0.5,0.0,0.25
480000,1.0,208.06779661016952,492,0.0492,0.25,0.5,0.0,0.25
