step,success_rate,avg_reward,illegal_actions,illegal_action_rate,combine_rate,connect_rate,set_state_rate,stop_rate
80000,1.0,205.43804691290728,294,0.0294,0.25,0.5,0.0,0.25
160000,1.0,205.43804691290728,445,0.0445,0.25,0.5,0.0,0.25
240000,1.0,205.43804691290728,450,0.045,0.25,0.5,0.0,0.25
320000,1.0,205.43804691290728,526,0.0526,0.25,0.5,0.0,0.25
400000,1.0,205.43804691290728,647,0.0647,0.25,0.5,0.0,0.25
480000,0.0,-16.8974358974359,725,0.0725,0.16666666666666666,0.6666666666666666,0.0,0.16666666666666666
