step,success_rate,avg_reward
80000,0.0,4.714285714285714
160000,0.0,4.714285714285714
240000,0.0,4.714285714285714
320000,0.0,4.714285714285714
400000,0.0,4.714285714285714
480000,0.0,4.714285714285714
