step,success_rate,avg_reward,illegal_actions,illegal_action_rate,combine_rate,connect_rate,set_state_rate,stop_rate
80000,1.0,206.12121212121207,252,0.0252,0.25,0.5,0.0,0.25
160000,0.0,-38.54734092722919,282,0.0282,0.25,0.75,0.0,0.0
240000,1.0,205.43804691290728,427,0.0427,0.25,0.5,0.0,0.25
320000,1.0,206.12121212121207,444,0.0444,0.25,0.5,0.0,0.25
400000,1.0,206.12121212121207,552,0.0552,0.25,0.5,0.0,0.25
480000,0.0,-18.435897435897434,635,0.0635,0.2,0.6,0.0,0.2
