step,success_rate,avg_reward
80000,0.0,4.714285714285714
160000,0.0,4.714285714285714
