step,success_rate,avg_reward,illegal_actions,illegal_action_rate,combine_rate,connect_rate,set_state_rate,stop_rate
80000,0.0,-19.305084745762713,0,0.0,0.16666666666666666,0.6666666666666666,0.0,0.16666666666666666
160000,1.0,206.26890756302515,0,0.0,0.25,0.5,0.0,0.25
240000,1.0,206.26890756302515,0,0.0,0.25,0.5,0.0,0.25
320000,0.0,-18.72151898734177,0,0.0,0.16666666666666666,0.6666666666666666,0.0,0.16666666666666666
400000,1.0,206.88135593220335,0,0.0,0.25,0.5,0.0,0.25
480000,0.0,-16.980219691887225,0,0.0,0.16666666666666666,0.6666666666666666,0.0,0.16666666666666666
