step,success_rate,avg_reward
80000,0.0,-16.593220338983055
160000,0.0,-16.384615384615387
240000,0.0,-16.384615384615387
320000,0.0,-16.384615384615387
400000,0.0,-16.384615384615387
480000,0.0,-16.384615384615387
