step,success_rate,avg_reward
80000,0.0,-48.76623376623377
160000,0.0,-48.76623376623377
240000,0.0,-48.76623376623377
320000,0.0,-44.285714285714285
400000,0.0,-44.285714285714285
480000,0.0,-48.76623376623377
