step,success_rate,avg_reward,illegal_actions,illegal_action_rate,combine_rate,connect_rate,set_state_rate,stop_rate
80000,1.0,205.45251396648047,348,0.0348,0.25,0.5,0.0,0.25
160000,1.0,205.45251396648047,351,0.0351,0.25,0.5,0.0,0.25
240000,1.0,205.43804691290728,359,0.0359,0.25,0.5,0.0,0.25
320000,0.0,-17.41025641025641,397,0.0397,0.16666666666666666,0.6666666666666666,0.0,0.16666666666666666
400000,1.0,205.45251396648047,467,0.0467,0.25,0.5,0.0,0.25
480000,1.0,205.43804691290728,595,0.0595,0.25,0.5,0.0,0.25
