step,success_rate,avg_reward,illegal_actions,illegal_action_rate,combine_rate,connect_rate,set_state_rate,stop_rate
80000,1.0,208.05063291139237,322,0.0322,0.25,0.5,0.0,0.25
160000,1.0,208.05063291139237,325,0.0325,0.25,0.5,0.0,0.25
240000,1.0,212.94145832311756,387,0.0387,0.25,0.5,0.0,0.25
320000,1.0,213.70095199400362,404,0.0404,0.25,0.5,0.0,0.25
400000,1.0,212.94145832311756,500,0.05,0.25,0.5,0.0,0.25
480000,1.0,213.70095199400362,563,0.0563,0.25,0.5,0.0,0.25
