step,success_rate,avg_reward,illegal_actions,illegal_action_rate,combine_rate,connect_rate,set_state_rate,stop_rate
80000,1.0,213.52622128198124,328,0.0328,0.25,0.5,0.0,0.25
160000,1.0,213.52622128198124,330,0.033,0.25,0.5,0.0,0.25
240000,1.0,213.52622128198124,364,0.0364,0.25,0.5,0.0,0.25
320000,1.0,213.39963900350023,378,0.0378,0.25,0.5,0.0,0.25
400000,1.0,213.52622128198124,442,0.0442,0.25,0.5,0.0,0.25
480000,1.0,213.52622128198124,480,0.048,0.25,0.5,0.0,0.25
