step,success_rate,avg_reward,illegal_actions,illegal_action_rate,combine_rate,connect_rate,set_state_rate,stop_rate
80000,1.0,205.71717171717177,359,0.0359,0.25,0.5,0.0,0.25
160000,1.0,205.71717171717177,361,0.0361,0.25,0.5,0.0,0.25
240000,1.0,205.71717171717177,376,0.0376,0.25,0.5,0.0,0.25
320000,1.0,205.71717171717177,388,0.0388,0.25,0.5,0.0,0.25
400000,1.0,205.71717171717177,490,0.049,0.25,0.5,0.0,0.25
480000,1.0,205.71717171717177,559,0.0559,0.25,0.5,0.0,0.25
