step,success_rate,avg_reward,illegal_actions,illegal_action_rate,combine_rate,connect_rate,set_state_rate,stop_rate
80000,1.0,205.45251396648047,320,0.032,0.25,0.5,0.0,0.25
160000,1.0,205.45251396648047,321,0.0321,0.25,0.5,0.0,0.25
240000,1.0,205.45251396648047,328,0.0328,0.25,0.5,0.0,0.25
320000,1.0,205.43804691290728,382,0.0382,0.25,0.5,0.0,0.25
400000,1.0,205.43804691290728,465,0.0465,0.25,0.5,0.0,0.25
480000,1.0,205.43804691290728,559,0.0559,0.25,0.5,0.0,0.25
