step,success_rate,avg_reward,illegal_actions,illegal_action_rate,combine_rate,connect_rate,set_state_rate,stop_rate
80000,1.0,205.71717171717177,224,0.0224,0.25,0.5,0.0,0.25
160000,1.0,205.71717171717177,376,0.0376,0.25,0.5,0.0,0.25
240000,1.0,205.71717171717177,493,0.0493,0.25,0.5,0.0,0.25
320000,1.0,205.71717171717177,633,0.0633,0.25,0.5,0.0,0.25
400000,1.0,205.71717171717177,755,0.0755,0.25,0.5,0.0,0.25
480000,1.0,205.71717171717177,942,0.0942,0.25,0.5,0.0,0.25
