step,success_rate,avg_reward
80000,0.0,36.714285714285715
160000,0.0,36.714285714285715
240000,0.0,36.714285714285715
320000,0.0,36.714285714285715
400000,0.0,36.714285714285715
480000,0.0,36.714285714285715
