step,success_rate,avg_reward,illegal_actions,illegal_action_rate,combine_rate,connect_rate,set_state_rate,stop_rate
80000,1.0,208.40677966101697,217,0.0217,0.25,0.5,0.0,0.25
160000,1.0,208.40677966101697,219,0.0219,0.25,0.5,0.0,0.25
240000,1.0,208.40677966101697,222,0.0222,0.25,0.5,0.0,0.25
320000,1.0,208.40677966101697,224,0.0224,0.25,0.5,0.0,0.25
400000,1.0,208.40677966101697,228,0.0228,0.25,0.5,0.0,0.25
480000,1.0,208.40677966101697,235,0.0235,0.25,0.5,0.0,0.25
